{"cameraMode":{"drawMode":0,"name":"Shaded","section":"Shading Mode"},"sceneLighting":true,"audioPlay":false,"sceneViewState":{"showFog":true,"showMaterialUpdate":false,"showSkybox":true,"showFlares":true,"showImageEffects":true,"showParticleSystems":true,"showVisualEffectGraphs":true,"m_FxEnabled":true},"in2DMode":false,"pivot":{"x":95.91638946533203,"y":-30.28847885131836,"z":206.54859924316407},"rotation":{"x":0.09303096681833267,"y":0.1664656400680542,"z":-0.015778183937072755,"w":0.9815230965614319},"size":189.08236694335938,"orthographic":false}