{"cameraMode":{"drawMode":0,"name":"Shaded","section":"Shading Mode"},"sceneLighting":true,"audioPlay":false,"sceneViewState":{"showFog":true,"showMaterialUpdate":false,"showSkybox":true,"showFlares":true,"showImageEffects":true,"showParticleSystems":true,"showVisualEffectGraphs":true,"m_FxEnabled":true},"in2DMode":false,"pivot":{"x":0.21233272552490235,"y":3.4129555225372316,"z":38.73564147949219},"rotation":{"x":-0.01049985270947218,"y":0.009000031277537346,"z":0.00009020615834742785,"w":0.9998798966407776},"size":24.361949920654298,"orthographic":false}